id,nome_vino,cantina_produttore,annata,denominazione,regione,zona,colore_tipologia,gradazione_alcolica_vol,vitigni,affinamento,profilo_sensoriale,curiosita_tecnica_storica,da_bancone,attendibilita,fonte_dati,stato_immagine_etichetta,immagine_etichetta,vinificazione,temperatura_servizio_c,abbinamenti,tag,valutazioni_1_5,note_qualita_dato
scuiltone,Scuiltone,Angelo Angioi,2022,Cannonau di Sardegna DOP,Sardegna,Tresnuraghes,Rosso,15.5,Cannonau 100%,Da verificare,"Frutto rosso maturo; caldo, morbido, tannino dolce",Il retro della bottiglia collega la buona maturazione delle uve ai tannini dolci e ai frutti rossi.,"Cannonau di Tresnuraghes da 15,5 gradi: frutto rosso maturo, calore e tannino dolce. Un rosso pieno da carni e formaggi.",alta,schede conversazionali precedenti; etichetta/produttore da verificare dove indicato,da associare e uniformare,,,,[],"[""fruttato"", ""rosso""]","{""corpo"": null, ""freschezza"": null, ""acidita"": null, ""sapidita"": null, ""tannino"": null, ""aromaticita"": null, ""intensita"": null, ""dolcezza_percepita"": null, ""facilita_di_beva"": null}",Non usare come certo un dato marcato 'da verificare'; nessun valore mancante viene inventato.
il-vegro,Il Vegro Valpolicella Ripasso Superiore,Brigaldara,2023,Valpolicella Ripasso Superiore DOC,Veneto,Valpolicella,Rosso,14.5,Corvina 55%; Corvinone 25%; Rondinella 20%,18 mesi in legno grande,"Prugna, frutti rossi, marzapane e spezie; morbido ma fresco",Il Ripasso viene rifermentato sulle vinacce dell'Amarone: non è soltanto un Valpolicella invecchiato più a lungo.,"Corvina, Corvinone e Rondinella rifermentati sulle vinacce dell'Amarone: più struttura del Valpolicella classico, con prugna, spezie e freschezza.",alta,schede conversazionali precedenti; etichetta/produttore da verificare dove indicato,da associare e uniformare,,,,[],"[""fresco"", ""fruttato"", ""speziato"", ""rosso""]","{""corpo"": null, ""freschezza"": null, ""acidita"": null, ""sapidita"": null, ""tannino"": null, ""aromaticita"": null, ""intensita"": null, ""dolcezza_percepita"": null, ""facilita_di_beva"": null}",Non usare come certo un dato marcato 'da verificare'; nessun valore mancante viene inventato.
indolente,Indolente,Tenuta Asinara,,Cannonau di Sardegna DOC,Sardegna,Sorso,Rosso,15.0,Cannonau 100%,12 mesi acciaio + almeno 6 mesi bottiglia,"Mora, susina, lampone; pieno ma con buona acidità","L'asino in etichetta richiama l'immaginario di Su Molente, l'asinello in sardo; il vino non usa legno.","Cannonau di Sorso lavorato senza legno: mora, susina e lampone, con un sorso pieno sostenuto dalla freschezza.",medio-alta,schede conversazionali precedenti; etichetta/produttore da verificare dove indicato,da associare e uniformare,,,,[],"[""acciaio"", ""rosso""]","{""corpo"": null, ""freschezza"": null, ""acidita"": null, ""sapidita"": null, ""tannino"": null, ""aromaticita"": null, ""intensita"": null, ""dolcezza_percepita"": null, ""facilita_di_beva"": null}",Non usare come certo un dato marcato 'da verificare'; nessun valore mancante viene inventato.
rosso-montepulciano,Rosso di Montepulciano,Il Conventino,2024,Rosso di Montepulciano DOC,Toscana,Montepulciano,Rosso,13.5,85% Prugnolo Gentile; 15% Colorino e Canaiolo (percentuali interne non specificate),3 mesi in rovere di Slavonia,"Lampone, mirtillo rosso, rosa e salvia; fresco, tannino setoso",Prugnolo Gentile è il nome tradizionale del Sangiovese nell'area di Montepulciano.,"È il Rosso di Montepulciano: Prugnolo Gentile, cioè Sangiovese, con Colorino e Canaiolo. Frutto rosso, salvia e freschezza.",medio-alta,schede conversazionali precedenti; etichetta/produttore da verificare dove indicato,da associare e uniformare,,,,[],"[""fresco"", ""rosso""]","{""corpo"": null, ""freschezza"": null, ""acidita"": null, ""sapidita"": null, ""tannino"": null, ""aromaticita"": null, ""intensita"": null, ""dolcezza_percepita"": null, ""facilita_di_beva"": null}",Non usare come certo un dato marcato 'da verificare'; nessun valore mancante viene inventato.
nobile-montepulciano,Vino Nobile di Montepulciano,Il Conventino,2022,Vino Nobile di Montepulciano DOCG,Toscana,Montepulciano,Rosso,14.5,85% Prugnolo Gentile; 15% Colorino e Canaiolo (percentuali interne non specificate),"24 mesi in rovere di Slavonia, poi bottiglia","Frutto maturo, spezie, sottobosco e balsamico",A Montepulciano il Sangiovese è chiamato Prugnolo Gentile; il legno grande lascia parlare il frutto senza segnare troppo il vino.,"È Nobile di Montepulciano: Prugnolo Gentile, cioè Sangiovese, con Colorino e Canaiolo. Due anni in botte grande: frutto, spezie e balsamico.",medio-alta,schede conversazionali precedenti; etichetta/produttore da verificare dove indicato,da associare e uniformare,,,,[],"[""fruttato"", ""speziato"", ""balsamico"", ""rosso""]","{""corpo"": null, ""freschezza"": null, ""acidita"": null, ""sapidita"": null, ""tannino"": null, ""aromaticita"": null, ""intensita"": null, ""dolcezza_percepita"": null, ""facilita_di_beva"": null}",Non usare come certo un dato marcato 'da verificare'; nessun valore mancante viene inventato.
brunello-palazzo,Brunello di Montalcino,Palazzo,2019,Brunello di Montalcino DOCG,Toscana,Montalcino,Rosso,15.0,Sangiovese 100%,36 mesi in botti grandi; almeno 8 mesi in bottiglia,"Ribes, frutti di bosco, pepe nero, balsamico; tannino vellutato",La tenuta Palazzo fu acquistata da Cosimo Loia nel 1983; Palazzo era anche il cognome della moglie.,"Sangiovese puro di Montalcino, 36 mesi in botte grande: frutto, pepe, balsamico e tannino elegante.",medio-alta,schede conversazionali precedenti; etichetta/produttore da verificare dove indicato,da associare e uniformare,,,,[],"[""fruttato"", ""balsamico"", ""rosso""]","{""corpo"": null, ""freschezza"": null, ""acidita"": null, ""sapidita"": null, ""tannino"": null, ""aromaticita"": null, ""intensita"": null, ""dolcezza_percepita"": null, ""facilita_di_beva"": null}",Non usare come certo un dato marcato 'da verificare'; nessun valore mancante viene inventato.
rosso-montalcino-palazzo,Rosso di Montalcino,Palazzo,2023,Rosso di Montalcino DOC,Toscana,Montalcino,Rosso,,Sangiovese 100%,"Circa 12–15 mesi in botte grande, da verificare","Ciliegia, frutti rossi, fiori e spezie; fresco e sapido","Rosso di Montalcino e Brunello condividono il Sangiovese; cambiano disciplinare, affinamento e stile.","Sangiovese puro, frutto rosso, spezie e freschezza: più immediato del Brunello, ma con una bella struttura.",media,schede conversazionali precedenti; etichetta/produttore da verificare dove indicato,da associare e uniformare,,,,[],"[""fresco"", ""sapido"", ""fruttato"", ""speziato"", ""rosso""]","{""corpo"": null, ""freschezza"": null, ""acidita"": null, ""sapidita"": null, ""tannino"": null, ""aromaticita"": null, ""intensita"": null, ""dolcezza_percepita"": null, ""facilita_di_beva"": null}",Non usare come certo un dato marcato 'da verificare'; nessun valore mancante viene inventato.
schiava-kristplonerhof,Vigna Kristplonerhof Schiava,Rottensteiner,,Südtirol Alto Adige DOC,Trentino-Alto Adige,"Guncina, sopra Bolzano",Rosso,,Schiava/Vernatsch 100% (da confermare),Acciaio,"Ciliegia, violetta, mandorla amara; fresco e agile",Il maso Kristplonerhof è documentato intorno all'anno 1000; la Schiava è una varietà storica altoatesina.,"Schiava da vigneto singolo sopra Bolzano: ciliegia, viola e mandorla amara, con freschezza e più carattere di quanto suggerisca il colore leggero.",medio-alta,schede conversazionali precedenti; etichetta/produttore da verificare dove indicato,da associare e uniformare,,,,[],"[""fresco"", ""acciaio"", ""rosso""]","{""corpo"": null, ""freschezza"": null, ""acidita"": null, ""sapidita"": null, ""tannino"": null, ""aromaticita"": null, ""intensita"": null, ""dolcezza_percepita"": null, ""facilita_di_beva"": null}",Non usare come certo un dato marcato 'da verificare'; nessun valore mancante viene inventato.
valpolicella-brigaldara,Valpolicella,Brigaldara,2024,Valpolicella DOC,Veneto,Valpolicella / Marcellise,Rosso,,Corvina 55%; Corvinone 25%; Rondinella 20% (blend da verificare per annata),Circa 6 mesi in acciaio,"Ciliegia, lampone, ribes, violetta; fresco e succoso",La vinificazione in acciaio mette in primo piano il frutto e la freschezza delle uve tradizionali della Valpolicella.,"Ciliegia, lampone e violetta, con acidità viva e tannino delicato: il Valpolicella nella sua versione più fresca.",medio-alta,schede conversazionali precedenti; etichetta/produttore da verificare dove indicato,da associare e uniformare,,,,[],"[""fresco"", ""acciaio"", ""rosso""]","{""corpo"": null, ""freschezza"": null, ""acidita"": null, ""sapidita"": null, ""tannino"": null, ""aromaticita"": null, ""intensita"": null, ""dolcezza_percepita"": null, ""facilita_di_beva"": null}",Non usare come certo un dato marcato 'da verificare'; nessun valore mancante viene inventato.
teroldego-de-vigili,Contro Corrente Teroldego,De Vigili,,Vigneti delle Dolomiti IGT,Trentino-Alto Adige,Piana Rotaliana,Rosso,,Teroldego 100% (da confermare),"10 mesi in cemento, senza legno","Amarena, mora, prugna e violetta; fresco e agile",Il Teroldego è l'uva simbolo della Piana Rotaliana; il cemento affina senza aggiungere aromi tostati del legno.,"Teroldego puro, rosso simbolo della Piana Rotaliana: frutta scura e violetta, con cemento e niente legno per mantenerlo agile.",media,schede conversazionali precedenti; etichetta/produttore da verificare dove indicato,da associare e uniformare,,,,[],"[""fresco"", ""cemento"", ""rosso""]","{""corpo"": null, ""freschezza"": null, ""acidita"": null, ""sapidita"": null, ""tannino"": null, ""aromaticita"": null, ""intensita"": null, ""dolcezza_percepita"": null, ""facilita_di_beva"": null}",Non usare come certo un dato marcato 'da verificare'; nessun valore mancante viene inventato.
valente,Valénte,Podere Il Castellaccio,2022,Toscana IGT,Toscana,Castagneto Carducci / Bolgheri,Rosso,,"Sangiovese, Pugnitello, Foglia Tonda; proporzioni da verificare","Circa 12 mesi in legno, da verificare","Ciliegia, frutti scuri, spezie e balsamico",Pugnitello e Foglia Tonda sono antiche varietà toscane recuperate dopo essere state a lungo marginali.,"Toscana IGT fuori dagli schemi di Bolgheri: Sangiovese con Pugnitello e Foglia Tonda, antiche uve toscane recuperate.",media,schede conversazionali precedenti; etichetta/produttore da verificare dove indicato,da associare e uniformare,,,,[],"[""fruttato"", ""speziato"", ""balsamico"", ""rosso""]","{""corpo"": null, ""freschezza"": null, ""acidita"": null, ""sapidita"": null, ""tannino"": null, ""aromaticita"": null, ""intensita"": null, ""dolcezza_percepita"": null, ""facilita_di_beva"": null}",Non usare come certo un dato marcato 'da verificare'; nessun valore mancante viene inventato.
orio,Orio,Podere Il Castellaccio,2024,Bolgheri DOC,Toscana,"Castagneto Carducci, Bolgheri",Rosso,,"Cabernet Franc, Merlot, Syrah; percentuali da verificare","Almeno 12 mesi in tonneaux francesi, poi bottiglia; da verificare","Frutto rosso, ciliegia, erbe aromatiche e spezie","Il cane sull'etichetta è Blasone, il cane della famiglia e custode del podere.","Bolgheri con Cabernet Franc, Merlot e Syrah: frutto, spezie ed erbe mediterranee. Il cane in etichetta è Blasone, il guardiano del podere.",medio-alta,schede conversazionali precedenti; etichetta/produttore da verificare dove indicato,da associare e uniformare,,,,[],"[""fruttato"", ""speziato"", ""rosso""]","{""corpo"": null, ""freschezza"": null, ""acidita"": null, ""sapidita"": null, ""tannino"": null, ""aromaticita"": null, ""intensita"": null, ""dolcezza_percepita"": null, ""facilita_di_beva"": null}",Non usare come certo un dato marcato 'da verificare'; nessun valore mancante viene inventato.
ultimo-gregari,Ultimo! (Gregari in Fuga),Caravanserraglio,2022,Toscana IGT,Toscana,"Cortona/Fasciano, da verificare",Rosso,,Sangiovese 100% (da verificare),"Acciaio e circa 6 mesi in tonneaux, poi acciaio; da verificare","Ciliegia, frutti rossi, violetta e spezie",“Gregari in fuga” è un omaggio al ciclismo e ai corridori che lavorano per il capitano.,"Sangiovese toscano con un nome da ciclismo: frutto rosso, ciliegia e spezie. “Gregari in fuga” celebra chi lavora per la squadra.",media,schede conversazionali precedenti; etichetta/produttore da verificare dove indicato,da associare e uniformare,,,,[],"[""fruttato"", ""speziato"", ""acciaio"", ""rosso""]","{""corpo"": null, ""freschezza"": null, ""acidita"": null, ""sapidita"": null, ""tannino"": null, ""aromaticita"": null, ""intensita"": null, ""dolcezza_percepita"": null, ""facilita_di_beva"": null}",Non usare come certo un dato marcato 'da verificare'; nessun valore mancante viene inventato.
binariu-bovale,Binariu Bovale,Su Binariu,2022,Isola dei Nuraghi IGT,Sardegna,"Sorgono, Mandrolisai",Rosso,,Bovale 100% (da verificare),Da verificare,"Frutto intenso, struttura e freschezza di quota",Il nome Binariu e il treno in etichetta richiamano la vecchia ferrovia del Mandrolisai; le vigne sono descritte come vecchie e ad alberello.,Bovale di Sorgono da vigne vecchie in zona montana: il nome e il treno in etichetta ricordano la vecchia ferrovia del Mandrolisai.,media,schede conversazionali precedenti; etichetta/produttore da verificare dove indicato,da associare e uniformare,,,,[],"[""fresco"", ""fruttato"", ""strutturato"", ""rosso""]","{""corpo"": null, ""freschezza"": null, ""acidita"": null, ""sapidita"": null, ""tannino"": null, ""aromaticita"": null, ""intensita"": null, ""dolcezza_percepita"": null, ""facilita_di_beva"": null}",Non usare come certo un dato marcato 'da verificare'; nessun valore mancante viene inventato.
bellessa,Bellessa Carignano del Sulcis Riserva,Azienda Agricola Piede Franco,2022,Carignano del Sulcis DOC Riserva,Sardegna,"Calasetta, Sant'Antioco",Rosso,14.0,Carignano 100%,Da verificare,Frutto maturo e note mediterranee; strutturato,"Bellessa significa bellezza in sardo; le viti sono dichiarate franche di piede, cioè non innestate. I suoli sabbiosi di Sant'Antioco hanno protetto storicamente alcune viti dalla fillossera.","Carignano Riserva di Sant'Antioco con viti franche di piede: non innestate, grazie anche alla protezione dei terreni sabbiosi dell'isola.",alta,schede conversazionali precedenti; etichetta/produttore da verificare dove indicato,da associare e uniformare,,,,[],"[""fruttato"", ""strutturato"", ""rosso""]","{""corpo"": null, ""freschezza"": null, ""acidita"": null, ""sapidita"": null, ""tannino"": null, ""aromaticita"": null, ""intensita"": null, ""dolcezza_percepita"": null, ""facilita_di_beva"": null}",Non usare come certo un dato marcato 'da verificare'; nessun valore mancante viene inventato.
andaras,Andaras Carignano del Sulcis,Andaras,2022,Carignano del Sulcis DOC,Sardegna,"Sant'Antioco, S'Arriaxiu",Rosso,14.0,Carignano 100% (da verificare),14 mesi in barrique e almeno 6 mesi in bottiglia; da verificare,"Ciliegia, frutto maturo, spezie; vellutato e sapido",Vigne vecchie su sabbia vicino al mare; il significato locale di “Andaras” va verificato prima di presentarlo come certo.,Carignano di Sant'Antioco da vigne vecchie e terreni sabbiosi: passaggio in barrique e trama vellutata.,media,schede conversazionali precedenti; etichetta/produttore da verificare dove indicato,da associare e uniformare,,,,[],"[""sapido"", ""fruttato"", ""speziato"", ""rosso""]","{""corpo"": null, ""freschezza"": null, ""acidita"": null, ""sapidita"": null, ""tannino"": null, ""aromaticita"": null, ""intensita"": null, ""dolcezza_percepita"": null, ""facilita_di_beva"": null}",Non usare come certo un dato marcato 'da verificare'; nessun valore mancante viene inventato.
cabernet-palmas,Cabernet,Gabriele Palmas,,Alghero DOC,Sardegna,Nurra di Alghero,Rosso,,Cabernet Sauvignon 100%,"Acciaio, senza legno nella versione base","Frutti rossi maturi, tannino vivace, nota minerale","Il produttore ha sperimentato Cabernet e Syrah per osservare come varietà internazionali si esprimessero nella Nurra, tra mare e Maestrale.","Cabernet Sauvignon sardo della Nurra: acciaio, frutto e territorio più che legno.",medio-alta,schede conversazionali precedenti; etichetta/produttore da verificare dove indicato,da associare e uniformare,,,,[],"[""fruttato"", ""acciaio"", ""rosso""]","{""corpo"": null, ""freschezza"": null, ""acidita"": null, ""sapidita"": null, ""tannino"": null, ""aromaticita"": null, ""intensita"": null, ""dolcezza_percepita"": null, ""facilita_di_beva"": null}",Non usare come certo un dato marcato 'da verificare'; nessun valore mancante viene inventato.
riserva-palmas,Riserva Palmas,Gabriele Palmas,,"Alghero DOC, da verificare",Sardegna,Nurra di Alghero,Rosso,14.5,Cabernet Sauvignon 100% (da confermare),Affinamento misto legno/acciaio; durata da verificare,"Frutta matura, cacao, vaniglia e tostatura secondo scheda precedente",Le fonti raccolte riportano durate discordanti per l'affinamento: la retroetichetta serve a evitare di fissare un dato errato.,"Cabernet di Palmas in versione Riserva: più evoluto, con frutto maturo e spezie dolci; durata dell'affinamento da verificare.",media-bassa,schede conversazionali precedenti; etichetta/produttore da verificare dove indicato,da associare e uniformare,,,,[],"[""fruttato"", ""acciaio"", ""rosso""]","{""corpo"": null, ""freschezza"": null, ""acidita"": null, ""sapidita"": null, ""tannino"": null, ""aromaticita"": null, ""intensita"": null, ""dolcezza_percepita"": null, ""facilita_di_beva"": null}",Non usare come certo un dato marcato 'da verificare'; nessun valore mancante viene inventato.
syrah-palmas,Syrah,Gabriele Palmas,,Isola dei Nuraghi IGP,Sardegna,Nurra di Alghero,Rosso,15.0,Syrah 100% (da confermare),Circa 20 mesi in acciaio e 8 mesi bottiglia secondo scheda precedente; da verificare,"Frutti di bosco, pepe nero, liquirizia e mirto","Il Syrah è stato piantato come prova di adattamento di vitigni internazionali alla Nurra, con clima marino e Maestrale.","Syrah della Nurra: frutta scura, pepe nero, liquirizia e mirto; affinamento dichiarato soprattutto in acciaio, da verificare.",media,schede conversazionali precedenti; etichetta/produttore da verificare dove indicato,da associare e uniformare,,,,[],"[""fruttato"", ""acciaio"", ""rosso""]","{""corpo"": null, ""freschezza"": null, ""acidita"": null, ""sapidita"": null, ""tannino"": null, ""aromaticita"": null, ""intensita"": null, ""dolcezza_percepita"": null, ""facilita_di_beva"": null}",Non usare come certo un dato marcato 'da verificare'; nessun valore mancante viene inventato.
nascimiento,Nascimiento,Podere Guardia Grande,,,Sardegna,"Alghero/Nurra, da verificare",Rosso,,Da verificare,Da verificare,Da verificare,Nome e fronte etichetta non bastano a confermare vitigno e denominazione: il retro è necessario prima di fissare il dato.,Scheda da completare: meglio verificare vitigno e denominazione dal retro che attribuire caratteristiche non confermate.,bassa,schede conversazionali precedenti; etichetta/produttore da verificare dove indicato,da associare e uniformare,,,,[],"[""rosso""]","{""corpo"": null, ""freschezza"": null, ""acidita"": null, ""sapidita"": null, ""tannino"": null, ""aromaticita"": null, ""intensita"": null, ""dolcezza_percepita"": null, ""facilita_di_beva"": null}",Non usare come certo un dato marcato 'da verificare'; nessun valore mancante viene inventato.
fustei,Fustei,Su Cuppoi,,"Bovale DOC Superiore, da verificare",Sardegna,Campidano di Terralba,Rosso,15.0,Bovale 100% (da confermare),Da verificare,"Frutto scuro, spezie, struttura e tannino",Il Bovale è stato a lungo usato anche come uva da taglio; nel Campidano è oggi valorizzato anche in purezza.,Bovale del Campidano di Terralba: un vitigno sardo che per anni è stato spesso usato nei tagli e oggi viene valorizzato in purezza.,media,schede conversazionali precedenti; etichetta/produttore da verificare dove indicato,da associare e uniformare,,,,[],"[""fruttato"", ""strutturato"", ""speziato"", ""rosso""]","{""corpo"": null, ""freschezza"": null, ""acidita"": null, ""sapidita"": null, ""tannino"": null, ""aromaticita"": null, ""intensita"": null, ""dolcezza_percepita"": null, ""facilita_di_beva"": null}",Non usare come certo un dato marcato 'da verificare'; nessun valore mancante viene inventato.
motta-del-lupo,Motta del Lupo,Paolo Petrilli,2022,Nero di Troia IGP Puglia,Puglia,"Lucera, Foggia",Rosso,,"Nero di Troia, percentuale da verificare",Da verificare,"Amarena, prugna, frutti scuri e spezie; tannino setoso","Il Nero di Troia è una varietà identitaria della Puglia settentrionale, soprattutto dell'area di Foggia.","Nero di Troia di Lucera: frutto scuro, spezie e tannino, ma con freschezza che evita l'effetto troppo pesante.",media,schede conversazionali precedenti; etichetta/produttore da verificare dove indicato,da associare e uniformare,,,,[],"[""fruttato"", ""speziato"", ""rosso""]","{""corpo"": null, ""freschezza"": null, ""acidita"": null, ""sapidita"": null, ""tannino"": null, ""aromaticita"": null, ""intensita"": null, ""dolcezza_percepita"": null, ""facilita_di_beva"": null}",Non usare come certo un dato marcato 'da verificare'; nessun valore mancante viene inventato.
barolo-diego-conterno,Barolo,Diego Conterno,2021,Barolo DOCG,Piemonte,Monforte d'Alba,Rosso,,Nebbiolo 100%,"Circa 20 mesi in botte grande e passaggio in cemento, durate da verificare","Ciliegia, rosa, violetta, spezie, cuoio e terra",Diego Conterno fu tra i fondatori di Conterno Fantino nel 1982 e intraprese il proprio percorso aziendale nel 2000.,"Barolo di Monforte, Nebbiolo puro: ciliegia, rosa, spezie e cuoio, con tannino importante e potenziale evolutivo.",media,schede conversazionali precedenti; etichetta/produttore da verificare dove indicato,da associare e uniformare,,,,[],"[""speziato"", ""cemento"", ""rosso""]","{""corpo"": null, ""freschezza"": null, ""acidita"": null, ""sapidita"": null, ""tannino"": null, ""aromaticita"": null, ""intensita"": null, ""dolcezza_percepita"": null, ""facilita_di_beva"": null}",Non usare come certo un dato marcato 'da verificare'; nessun valore mancante viene inventato.
barbaresco-roncaglie,Barbaresco Roncaglie,Poderi Colla,2020,Barbaresco DOCG,Piemonte,"Roncaglie, Barbaresco",Rosso,,Nebbiolo 100%,"12–14 mesi in botte grande di Slavonia, da verificare","Mora, rosa canina, violetta, spezie e sottobosco",Roncaglie è un cru storico di Barbaresco; Beppe Colla contribuì a valorizzare le singole menzioni geografiche.,"Nebbiolo da Roncaglie, cru storico di Barbaresco: rosa, violetta, mora e sottobosco, con tannino vellutato.",media,schede conversazionali precedenti; etichetta/produttore da verificare dove indicato,da associare e uniformare,,,,[],"[""speziato"", ""rosso""]","{""corpo"": null, ""freschezza"": null, ""acidita"": null, ""sapidita"": null, ""tannino"": null, ""aromaticita"": null, ""intensita"": null, ""dolcezza_percepita"": null, ""facilita_di_beva"": null}",Non usare come certo un dato marcato 'da verificare'; nessun valore mancante viene inventato.
sforzato-polatti,Sforzato di Valtellina,Fratelli Polatti,2020,Sforzato di Valtellina DOCG,Lombardia,"Valtellina, Chiuro",Rosso,15.5,Nebbiolo/Chiavennasca 100% (da verificare),Da verificare,"Mora, mirtillo, marasca, spezie e balsamico",In Valtellina il Nebbiolo è chiamato Chiavennasca; nello Sforzato le uve vengono appassite prima della vinificazione.,"È Nebbiolo valtellinese appassito: più concentrato del Valtellina classico, con mora, mirtillo e spezie ma freschezza di montagna.",medio-alta,schede conversazionali precedenti; etichetta/produttore da verificare dove indicato,da associare e uniformare,,,,[],"[""speziato"", ""balsamico"", ""rosso""]","{""corpo"": null, ""freschezza"": null, ""acidita"": null, ""sapidita"": null, ""tannino"": null, ""aromaticita"": null, ""intensita"": null, ""dolcezza_percepita"": null, ""facilita_di_beva"": null}",Non usare come certo un dato marcato 'da verificare'; nessun valore mancante viene inventato.
inferno-polatti,Inferno Valtellina Superiore,Fratelli Polatti,,Valtellina Superiore DOCG,Lombardia,"Inferno, Valtellina",Rosso,,Prevalenza Nebbiolo/Chiavennasca; Pignola e Rossola da verificare,"Botte grande, durata da verificare","Frutto rosso, mirtillo, rabarbaro, fiori e balsamico",Inferno è una delle cinque sottozone storiche della Valtellina Superiore; le pendenze dei terrazzamenti possono essere estreme.,"Nebbiolo di montagna, fresco e profumato, con frutto rosso, mirtillo e vena balsamica: i terrazzamenti sono viticoltura eroica.",media,schede conversazionali precedenti; etichetta/produttore da verificare dove indicato,da associare e uniformare,,,,[],"[""fruttato"", ""balsamico"", ""rosso""]","{""corpo"": null, ""freschezza"": null, ""acidita"": null, ""sapidita"": null, ""tannino"": null, ""aromaticita"": null, ""intensita"": null, ""dolcezza_percepita"": null, ""facilita_di_beva"": null}",Non usare come certo un dato marcato 'da verificare'; nessun valore mancante viene inventato.
berteru-sas-de-melas,Berteru Nuraghe Sas de Melas,Cantina Gungui,2023,Cannonau di Sardegna DOC,Sardegna,"Mamoiada, vigneto Nuraghe Sas de Melas",Rosso,15.5,Cannonau 100% (da verificare),Da verificare,"Frutto rosso, fragola, arancia sanguinella, prugna, melograno, salvia e ginepro",Vigna singola a circa 630 m su granito: quota e suolo aiutano a raccontare un Cannonau diverso dallo stereotipo solo caldo e alcolico.,"Cannonau di Mamoiada da singola vigna a 630 metri: potente ma fresco e salino, con frutto rosso, ginepro e spezie.",media,schede conversazionali precedenti; etichetta/produttore da verificare dove indicato,da associare e uniformare,,,,[],"[""fruttato"", ""rosso""]","{""corpo"": null, ""freschezza"": null, ""acidita"": null, ""sapidita"": null, ""tannino"": null, ""aromaticita"": null, ""intensita"": null, ""dolcezza_percepita"": null, ""facilita_di_beva"": null}",Non usare come certo un dato marcato 'da verificare'; nessun valore mancante viene inventato.
berteru-sa-cava,Berteru Sa Cava de Pulenaria,Cantina Gungui,2024,Cannonau di Sardegna DOC,Sardegna,"Mamoiada, Sa Cava de Pulenaria",Rosso,,Cannonau 100% (da verificare),"Circa 9 mesi in acciaio, da verificare","Melograno, mora, ciliegia, erbe mediterranee, ginepro e rosmarino","La vigna è descritta come giovane e impiantata sul sito di una vecchia cava di granito, a circa 730–750 m; verificare dettagli.","Cannonau di Mamoiada da una vigna giovane in quota, su un'ex cava di granito: melograno, mora, erbe e vena balsamica.",media,schede conversazionali precedenti; etichetta/produttore da verificare dove indicato,da associare e uniformare,,,,[],"[""acciaio"", ""rosso""]","{""corpo"": null, ""freschezza"": null, ""acidita"": null, ""sapidita"": null, ""tannino"": null, ""aromaticita"": null, ""intensita"": null, ""dolcezza_percepita"": null, ""facilita_di_beva"": null}",Non usare come certo un dato marcato 'da verificare'; nessun valore mancante viene inventato.
carignano-la-giara,Carignano Isola dei Nuraghi,La Giara,,Isola dei Nuraghi IGT,Sardegna,"Marmilla/Arcidano, da verificare",Rosso,,Carignano 100% (da verificare),Oltre un anno in tonneaux francesi secondo scheda precedente; da verificare,"Frutto maturo, vaniglia, cannella e mentolo","La precedente scheda indicava vigne vecchie ad alberello e piede franco, ma il dato va confermato per questa bottiglia specifica.","Carignano sardo con passaggio in tonneaux: frutto maturo, spezie e tannino. Vite vecchia e piede franco da verificare sul retro.",media-bassa,schede conversazionali precedenti; etichetta/produttore da verificare dove indicato,da associare e uniformare,,,,[],"[""fruttato"", ""rosso""]","{""corpo"": null, ""freschezza"": null, ""acidita"": null, ""sapidita"": null, ""tannino"": null, ""aromaticita"": null, ""intensita"": null, ""dolcezza_percepita"": null, ""facilita_di_beva"": null}",Non usare come certo un dato marcato 'da verificare'; nessun valore mancante viene inventato.
nuragus-audarya,Nuragus di Cagliari,Audarya,,Nuragus di Cagliari DOC,Sardegna,"Serdiana, vigneti Acquasassa e Audarya",Bianco,,Nuragus 100%,Acciaio sulle fecce fini,"Pressatura soffice, mosto fiore e fermentazione a circa 16 °C secondo scheda precedente","Erbe aromatiche, agrumi e mineralità","Il nome Nuragus potrebbe derivare dal fenicio nur, “fuoco”, oppure essere collegato ai nuraghi; il vitigno è descritto come resistente alla siccità.","Nuragus di Serdiana: vitigno sardo antico, tradizionalmente resistente alla siccità, qui lavorato con mosto fiore e sosta sulle fecce fini.",schede conversazionali precedenti; etichetta/produttore da verificare dove indicato,da associare e uniformare,,,,[],"[""acciaio"", ""bianco""]","{""corpo"": null, ""freschezza"": null, ""acidita"": null, ""sapidita"": null, ""tannino"": null, ""aromaticita"": null, ""intensita"": null, ""dolcezza_percepita"": null, ""facilita_di_beva"": null}",Non usare come certo un dato marcato 'da verificare'; nessun valore mancante viene inventato.
lacconargiu,Lacconargiu,Su Creccu,,Isola dei Nuraghi IGT,Sardegna,"Ortueri, Mandrolisai",Bianco,,Lacconargiu/Licronaxu 100% (da verificare),Da verificare,"Frutto giallo maturo, profilo aromatico intenso e struttura","Lacconargiu, detto anche Licronaxu, è rarissimo; analisi genetiche lo hanno distinto dall'Albaranzeuli bianco con cui era stato confuso.","È Lacconargiu, vitigno sardo rarissimo distinto geneticamente dall'Albaranzeuli bianco: un bianco aromatico e strutturato fuori dal comune.",media,schede conversazionali precedenti; etichetta/produttore da verificare dove indicato,da associare e uniformare,,,,[],"[""fruttato"", ""strutturato"", ""bianco""]","{""corpo"": null, ""freschezza"": null, ""acidita"": null, ""sapidita"": null, ""tannino"": null, ""aromaticita"": null, ""intensita"": null, ""dolcezza_percepita"": null, ""facilita_di_beva"": null}",Non usare come certo un dato marcato 'da verificare'; nessun valore mancante viene inventato.
martis-sero-horo,Martis Sero Horo,Vignaioli Cadinu,,,Sardegna,Mamoiada,Bianco,,Granazza/Granatza 100% (da verificare),12 mesi barrique usata + 6 mesi bottiglia secondo scheda precedente,"Circa 15 giorni sulle bucce; fermentazione spontanea, da verificare","Intenso, minerale, speziato, possibile nota ossidativa",La Granazza è un'antica varietà bianca rara di Mamoiada; le schede precedenti indicavano vecchie vigne ad alberello a circa 700 m e produzione limitata.,Granazza di Mamoiada da vecchie vigne in quota: macerazione sulle bucce e affinamento in barrique usata le danno struttura e note speziate.,schede conversazionali precedenti; etichetta/produttore da verificare dove indicato,da associare e uniformare,,,,[],"[""bianco""]","{""corpo"": null, ""freschezza"": null, ""acidita"": null, ""sapidita"": null, ""tannino"": null, ""aromaticita"": null, ""intensita"": null, ""dolcezza_percepita"": null, ""facilita_di_beva"": null}",Non usare come certo un dato marcato 'da verificare'; nessun valore mancante viene inventato.
bessiu,Bessìu,Audarya,2024,Nasco di Cagliari DOC,Sardegna,"Serdiana, vigneto Su Stani",Bianco,,Nasco 100%,9 mesi sulle fecce fini in acciaio secondo scheda precedente,"Note mediterranee, profumo intenso, morbidezza e struttura",Il Nasco è un vitigno sardo raro storicamente usato anche per vini dolci e liquorosi; Bessìu è una lettura secca.,"Nasco di Cagliari in versione secca: vitigno aromatico storicamente usato anche per vini dolci, qui con struttura e sosta sulle fecce fini.",medio-alta,schede conversazionali precedenti; etichetta/produttore da verificare dove indicato,da associare e uniformare,,,,[],"[""strutturato"", ""acciaio"", ""bianco""]","{""corpo"": null, ""freschezza"": null, ""acidita"": null, ""sapidita"": null, ""tannino"": null, ""aromaticita"": null, ""intensita"": null, ""dolcezza_percepita"": null, ""facilita_di_beva"": null}",Non usare come certo un dato marcato 'da verificare'; nessun valore mancante viene inventato.
estissa,Estissa,Audarya,2024,Malvasia di Cagliari DOC,Sardegna,"Serdiana, vigneto Acquasassa",Bianco,,Malvasia di Cagliari 100%,9 mesi sulle fecce fini in tini di cemento a forma d'uovo,"Fiori di pesco, pera, note mediterranee; morbido, salino e minerale",La fermentazione in tini di cemento a forma d'uovo cerca volume e tessitura senza affidarsi al legno.,"Malvasia di Cagliari lavorata in cemento a forma d'uovo: fiori di pesco e pera, con morbidezza e vena salina.",medio-alta,schede conversazionali precedenti; etichetta/produttore da verificare dove indicato,da associare e uniformare,,,,[],"[""cemento"", ""bianco""]","{""corpo"": null, ""freschezza"": null, ""acidita"": null, ""sapidita"": null, ""tannino"": null, ""aromaticita"": null, ""intensita"": null, ""dolcezza_percepita"": null, ""facilita_di_beva"": null}",Non usare come certo un dato marcato 'da verificare'; nessun valore mancante viene inventato.
blanc-morgex,Vini Estremi Blanc de Morgex et de La Salle,Cave Mont Blanc,,Blanc de Morgex et de La Salle DOC,Valle d'Aosta,"Morgex e La Salle, 1100–1200 m",Bianco,11.0,Prié Blanc 100%,8 mesi in acciaio secondo scheda precedente,"Agrumi, frutto delicato e mineralità alpina","Il Prié Blanc è coltivato ad altitudine estrema e tradizionalmente a piede franco, cioè su radici proprie.","Prié Blanc oltre i 1.100 metri, spesso a piede franco: bianco alpino di agrumi e mineralità, con freschezza da alta quota.",medio-alta,schede conversazionali precedenti; etichetta/produttore da verificare dove indicato,da associare e uniformare,,,,[],"[""fruttato"", ""acciaio"", ""bianco""]","{""corpo"": null, ""freschezza"": null, ""acidita"": null, ""sapidita"": null, ""tannino"": null, ""aromaticita"": null, ""intensita"": null, ""dolcezza_percepita"": null, ""facilita_di_beva"": null}",Non usare come certo un dato marcato 'da verificare'; nessun valore mancante viene inventato.
pedres-brut,Pedres Brut,Cantina Pedres,,Vermentino di Gallura DOCG Spumante Brut,Sardegna,"Monti, Gallura, 300–350 m",Spumante bianco,11.5,Vermentino 100%,Metodo Charmat/Martinotti,"Perlage fine, fiori, agrumi, frutto fresco e nota salina",La cantina sceglie il Charmat per valorizzare freschezza e nota salina del Vermentino; i vigneti sono su granito alterato.,"Vermentino di Gallura spumante: metodo Charmat, perlage fine e vena salina del territorio granitico di Monti.",alta,schede conversazionali precedenti; etichetta/produttore da verificare dove indicato,da associare e uniformare,,,,[],"[""fresco"", ""fruttato"", ""spumante"", ""bianco""]","{""corpo"": null, ""freschezza"": null, ""acidita"": null, ""sapidita"": null, ""tannino"": null, ""aromaticita"": null, ""intensita"": null, ""dolcezza_percepita"": null, ""facilita_di_beva"": null}",Non usare come certo un dato marcato 'da verificare'; nessun valore mancante viene inventato.
li-junchi-extra-dry,Li Junchi Extra Dry,Cantina Li Duni,,Vermentino di Sardegna DOC Spumante Millesimato Extra Dry,Sardegna,"Badesi, vicino al mare",Spumante bianco,,Vermentino 100%,Metodo Charmat/Martinotti,"Fiori, acacia, glicine, agrumi e pesca",Extra Dry contiene in genere più zucchero residuo di Brut: la dicitura non significa “più secco” di Brut.,"Vermentino di Badesi in versione spumante millesimato: fiori, agrumi e pesca. Extra Dry significa un tocco più morbido rispetto al Brut.",media,schede conversazionali precedenti; etichetta/produttore da verificare dove indicato,da associare e uniformare,,,,[],"[""spumante"", ""bianco""]","{""corpo"": null, ""freschezza"": null, ""acidita"": null, ""sapidita"": null, ""tannino"": null, ""aromaticita"": null, ""intensita"": null, ""dolcezza_percepita"": null, ""facilita_di_beva"": null}",Non usare come certo un dato marcato 'da verificare'; nessun valore mancante viene inventato.
li-junchi-rose,Li Junchi Rosé Millesimato,Cantina Li Duni,,Spumante rosato millesimato,Sardegna,Badesi,Spumante rosato,,Cannonau probabile; percentuale da verificare,Metodo Charmat/Martinotti,"Melograno, piccoli frutti rossi, fiori; finale pepato","Fonti precedenti indicavano Cannonau prevalente, ma blend e percentuale vanno confermati sull'annata.","Bollicina rosata di Badesi, probabilmente a base Cannonau: piccoli frutti rossi, melograno e un finale pepato. Blend da verificare.",media-bassa,schede conversazionali precedenti; etichetta/produttore da verificare dove indicato,da associare e uniformare,,,,[],"[""fruttato"", ""spumante"", ""rosato""]","{""corpo"": null, ""freschezza"": null, ""acidita"": null, ""sapidita"": null, ""tannino"": null, ""aromaticita"": null, ""intensita"": null, ""dolcezza_percepita"": null, ""facilita_di_beva"": null}",Non usare come certo un dato marcato 'da verificare'; nessun valore mancante viene inventato.
humonte,Humonte Spumante Brut,Audarya,,Vino Spumante Brut,Sardegna,Da verificare,Spumante bianco,,Da verificare (Nasco ipotizzato in precedenza),Metodo da verificare,Da verificare,Vitigno e metodo non sono stati confermati: la retroetichetta è necessaria per fissarli nel database.,Per questa bottiglia vanno verificati vitigno e metodo prima di dare al cliente una descrizione tecnica certa.,bassa,schede conversazionali precedenti; etichetta/produttore da verificare dove indicato,da associare e uniformare,,,,[],"[""spumante"", ""bianco""]","{""corpo"": null, ""freschezza"": null, ""acidita"": null, ""sapidita"": null, ""tannino"": null, ""aromaticita"": null, ""intensita"": null, ""dolcezza_percepita"": null, ""facilita_di_beva"": null}",Non usare come certo un dato marcato 'da verificare'; nessun valore mancante viene inventato.
guiò,Guiò Vino Spumante Brut,Santa Maria La Palma,,Vino Spumante Brut,Sardegna,"Alghero, da verificare",Spumante bianco,12.0,Vermentino ipotizzato; da verificare,Metodo da verificare,"Fresco, morbido e sapido secondo scheda precedente",Il fronte non conferma con certezza vitigno e metodo; il retro è decisivo per rendere la scheda affidabile.,"Spumante brut di Santa Maria La Palma: per raccontarlo con precisione, vitigno e metodo vanno confermati dal retro.",media-bassa,schede conversazionali precedenti; etichetta/produttore da verificare dove indicato,da associare e uniformare,,,,[],"[""fresco"", ""sapido"", ""spumante"", ""bianco""]","{""corpo"": null, ""freschezza"": null, ""acidita"": null, ""sapidita"": null, ""tannino"": null, ""aromaticita"": null, ""intensita"": null, ""dolcezza_percepita"": null, ""facilita_di_beva"": null}",Non usare come certo un dato marcato 'da verificare'; nessun valore mancante viene inventato.
la-giara-spumante,Spumante Extra Dry,La Giara,,Vino Spumante Extra Dry,Sardegna,"Usellus, da verificare",Spumante bianco,11.0,"Blend di uve bianche, composizione da verificare","Charmat, circa 60 giorni in autoclave secondo scheda precedente","Mela verde, fiori, freschezza e morbidezza",Il blend esatto non è stato trovato con certezza; non attribuire percentuali senza scheda tecnica.,Spumante Extra Dry fresco e floreale; il blend di uve bianche va verificato prima di dichiararlo con precisione.,media-bassa,schede conversazionali precedenti; etichetta/produttore da verificare dove indicato,da associare e uniformare,,,,[],"[""fresco"", ""spumante"", ""bianco""]","{""corpo"": null, ""freschezza"": null, ""acidita"": null, ""sapidita"": null, ""tannino"": null, ""aromaticita"": null, ""intensita"": null, ""dolcezza_percepita"": null, ""facilita_di_beva"": null}",Non usare come certo un dato marcato 'da verificare'; nessun valore mancante viene inventato.
fiano-luna-saracena,Luna Saracena,Petrelli,,Salento IGP,Puglia,Campi Salentina,Bianco,,Fiano 100%,4 mesi in acciaio,"Frutto bianco, agrumi, fiori e lieve sfumatura fumé","È Fiano salentino, non il più noto Fiano di Avellino: stessa varietà, territorio e interpretazione diversi.","Fiano del Salento, non di Avellino: frutto bianco, agrumi e lieve sfumatura fumé, con una lettura mediterranea.",media,schede conversazionali precedenti; etichetta/produttore da verificare dove indicato,da associare e uniformare,,,,[],"[""fruttato"", ""acciaio"", ""bianco""]","{""corpo"": null, ""freschezza"": null, ""acidita"": null, ""sapidita"": null, ""tannino"": null, ""aromaticita"": null, ""intensita"": null, ""dolcezza_percepita"": null, ""facilita_di_beva"": null}",Non usare come certo un dato marcato 'da verificare'; nessun valore mancante viene inventato.
grillo-pianogrillo,Grillo,Baroni di Pianogrillo,2024,Sicilia DOC,Sicilia,"Chiaramonte Gulfi, Monti Iblei",Bianco,,Grillo 100%,Acciaio,"Pesca, albicocca, agrumi e nota iodato-minerale",Vigne ad alberello e a circa 485 m secondo la scheda precedente; in etichetta compare la nota tecnica “innesto inglese su RU.140”.,"Grillo dei Monti Iblei da alberello e quota collinare: pesca, agrumi e vena salina-minerale.",medio-alta,schede conversazionali precedenti; etichetta/produttore da verificare dove indicato,da associare e uniformare,,,,[],"[""acciaio"", ""bianco""]","{""corpo"": null, ""freschezza"": null, ""acidita"": null, ""sapidita"": null, ""tannino"": null, ""aromaticita"": null, ""intensita"": null, ""dolcezza_percepita"": null, ""facilita_di_beva"": null}",Non usare come certo un dato marcato 'da verificare'; nessun valore mancante viene inventato.
coda-di-volpe-vadiaperti,Coda di Volpe,Vadiaperti,,"Irpinia DOC, da verificare",Campania,"Irpinia, Pietradefusi",Bianco,,Coda di Volpe 100%,"Acciaio, da verificare","Fiori bianchi, agrumi, mela ed erbe; fresco e salino","Il nome deriva dalla forma del grappolo, che ricorda una coda di volpe; il vitigno era spesso usato in passato nei tagli.","Coda di Volpe in purezza: il grappolo ricorda una coda di volpe. In Irpinia dà un bianco fresco, sapido e floreale.",media,schede conversazionali precedenti; etichetta/produttore da verificare dove indicato,da associare e uniformare,,,,[],"[""fresco"", ""acciaio"", ""bianco""]","{""corpo"": null, ""freschezza"": null, ""acidita"": null, ""sapidita"": null, ""tannino"": null, ""aromaticita"": null, ""intensita"": null, ""dolcezza_percepita"": null, ""facilita_di_beva"": null}",Non usare come certo un dato marcato 'da verificare'; nessun valore mancante viene inventato.
grecanico-pianogrillo,Grecanico,Baroni di Pianogrillo,2023,Terre Siciliane IGT,Sicilia,"Chiaramonte Gulfi, Monti Iblei",Bianco,,Grecanico 100%,Da verificare,"Agrumi, fiori bianchi, frutto bianco; fresco e salino","Il Grecanico è geneticamente vicino alla Garganega veneta, varietà alla base del Soave.","Grecanico dei Monti Iblei: agrumi e fiori bianchi, con un legame ampelografico interessante con la Garganega del Soave.",media,schede conversazionali precedenti; etichetta/produttore da verificare dove indicato,da associare e uniformare,,,,[],"[""fresco"", ""fruttato"", ""bianco""]","{""corpo"": null, ""freschezza"": null, ""acidita"": null, ""sapidita"": null, ""tannino"": null, ""aromaticita"": null, ""intensita"": null, ""dolcezza_percepita"": null, ""facilita_di_beva"": null}",Non usare come certo un dato marcato 'da verificare'; nessun valore mancante viene inventato.
albana-albarara,Albarara,Tenuta Santa Lucia,,Romagna Albana DOCG,Emilia-Romagna,"Roversano, Mercato Saraceno",Bianco,,Albana 100%,"12 mesi acciaio sulle fecce fini + 12 mesi bottiglia, da verificare","Ginestra, camomilla, frutto giallo; rotondo, fresco e sapido","Romagna Albana fu la prima DOCG italiana dedicata a un vino bianco, nel 1987.","Albana di Romagna, varietà storica: la DOCG fu la prima italiana per un bianco. Qui è floreale, strutturata e sapida.",media,schede conversazionali precedenti; etichetta/produttore da verificare dove indicato,da associare e uniformare,,,,[],"[""fresco"", ""sapido"", ""fruttato"", ""acciaio"", ""bianco""]","{""corpo"": null, ""freschezza"": null, ""acidita"": null, ""sapidita"": null, ""tannino"": null, ""aromaticita"": null, ""intensita"": null, ""dolcezza_percepita"": null, ""facilita_di_beva"": null}",Non usare come certo un dato marcato 'da verificare'; nessun valore mancante viene inventato.
fraka,Frakà,Livesi,,Isola dei Nuraghi IGT,Sardegna,"Calangianus, Gallura",Rosso,,Nebbiolo di Luras 100%,Da verificare,"Frutti rossi e di bosco, spezie, mineralità; tannino deciso",Il Nebbiolo è presente in Gallura da oltre 150 anni; Alberto La Marmora ne segnalò il potenziale nel XIX secolo.,"Nebbiolo sardo di Gallura: granito e altitudine gli danno una personalità diversa dal Piemonte, pur mantenendo tannino e struttura.",media,schede conversazionali precedenti; etichetta/produttore da verificare dove indicato,da associare e uniformare,,,,[],"[""fruttato"", ""speziato"", ""rosso""]","{""corpo"": null, ""freschezza"": null, ""acidita"": null, ""sapidita"": null, ""tannino"": null, ""aromaticita"": null, ""intensita"": null, ""dolcezza_percepita"": null, ""facilita_di_beva"": null}",Non usare come certo un dato marcato 'da verificare'; nessun valore mancante viene inventato.
traccia,Traccia,Giovanni Camboni,,Isola dei Nuraghi IGT,Sardegna,"Tissi, Coros",Rosso,15.5,Cagnulari 100%,Acciaio; affinamento da verificare,"Frutto rosso e nero, fiori, erbe e confettura; tannino deciso","La bottiglia mostrata era numerata 1616/2900, produzione indicata inferiore a 3.000 bottiglie.","Cagnulari puro di Tissi, in meno di 3.000 bottiglie secondo la numerazione mostrata: frutto intenso, erbe e tannino deciso.",medio-alta,schede conversazionali precedenti; etichetta/produttore da verificare dove indicato,da associare e uniformare,,,,[],"[""fruttato"", ""acciaio"", ""rosso""]","{""corpo"": null, ""freschezza"": null, ""acidita"": null, ""sapidita"": null, ""tannino"": null, ""aromaticita"": null, ""intensita"": null, ""dolcezza_percepita"": null, ""facilita_di_beva"": null}",Non usare come certo un dato marcato 'da verificare'; nessun valore mancante viene inventato.
sassirossi,Sassirossi Primitivo di Manduria,Feudi Salentini,,Primitivo di Manduria DOP,Puglia,Provincia di Taranto,Rosso,14.0,Primitivo 100%,Almeno 8 mesi in tonneaux francesi,"Confettura, ribes nero, mora, ciliegia, cacao e liquirizia",Il nome Sassirossi è collegato ai piccoli sassi che si tingono di rosso a contatto con il terreno; le viti sono ad alberello.,"Primitivo di Manduria da alberello: frutto scuro, confettura, cacao e liquirizia, con un sorso caldo e morbido.",alta,schede conversazionali precedenti; etichetta/produttore da verificare dove indicato,da associare e uniformare,,,,[],"[""rosso""]","{""corpo"": null, ""freschezza"": null, ""acidita"": null, ""sapidita"": null, ""tannino"": null, ""aromaticita"": null, ""intensita"": null, ""dolcezza_percepita"": null, ""facilita_di_beva"": null}",Non usare come certo un dato marcato 'da verificare'; nessun valore mancante viene inventato.
cuncordu,Cuncordu,Gostolai,,Isola dei Nuraghi IGT,Sardegna,"Mamoiada, da verificare",Bianco,,Arvesiniadu 100%,Da verificare,"Mela, albicocca, mandarino; dorato, morbido e strutturato","L'Arvesiniadu è una varietà bianca sarda molto rara, con superfici coltivate complessive limitate secondo fonti precedenti.","Arvesiniadu in purezza, un bianco sardo rarissimo: frutta gialla, mela e mandarino, con struttura e finale leggermente amaricante.",media,schede conversazionali precedenti; etichetta/produttore da verificare dove indicato,da associare e uniformare,,,,[],"[""strutturato"", ""bianco""]","{""corpo"": null, ""freschezza"": null, ""acidita"": null, ""sapidita"": null, ""tannino"": null, ""aromaticita"": null, ""intensita"": null, ""dolcezza_percepita"": null, ""facilita_di_beva"": null}",Non usare come certo un dato marcato 'da verificare'; nessun valore mancante viene inventato.
maskaria,Maskarìa Cerasuolo di Vittoria,Terre di Giurfo,,Cerasuolo di Vittoria DOCG,Sicilia,"Vittoria, Ragusa",Rosso,,Nero d'Avola e Frappato; percentuali da verificare,Da verificare,"Ciliegia, melograno, frutti rossi; acidità viva e tannino elegante",Cerasuolo di Vittoria è l'unica DOCG siciliana; Nero d'Avola e Frappato bilanciano struttura e fragranza.,"Cerasuolo di Vittoria, unica DOCG siciliana: Nero d'Avola e Frappato uniscono struttura, profumo e freschezza.",media,schede conversazionali precedenti; etichetta/produttore da verificare dove indicato,da associare e uniformare,,,,[],"[""fruttato"", ""rosso""]","{""corpo"": null, ""freschezza"": null, ""acidita"": null, ""sapidita"": null, ""tannino"": null, ""aromaticita"": null, ""intensita"": null, ""dolcezza_percepita"": null, ""facilita_di_beva"": null}",Non usare come certo un dato marcato 'da verificare'; nessun valore mancante viene inventato.
alaki,Alakì Nero d'Avola,Terre di Giurfo,,Sicilia DOC,Sicilia,"Licodia Eubea, Monti Iblei",Rosso,,Nero d'Avola 100% (da verificare),"Acciaio, da verificare","Frutti rossi, spezie, corpo pieno e tannino",L'altitudine e i suoli calcarei dei Monti Iblei possono dare un profilo diverso dalle zone costiere più calde.,"Nero d'Avola dei Monti Iblei: frutto rosso e spezie, con struttura decisa e impronta collinare.",media,schede conversazionali precedenti; etichetta/produttore da verificare dove indicato,da associare e uniformare,,,,[],"[""fruttato"", ""speziato"", ""acciaio"", ""rosso""]","{""corpo"": null, ""freschezza"": null, ""acidita"": null, ""sapidita"": null, ""tannino"": null, ""aromaticita"": null, ""intensita"": null, ""dolcezza_percepita"": null, ""facilita_di_beva"": null}",Non usare come certo un dato marcato 'da verificare'; nessun valore mancante viene inventato.
petricore,Petricore,Petrelli,,Salento IGP,Puglia,"Carmiano, Salento",Rosato,,"Aleatico 100% secondo fonte precedente, da verificare",Acciaio e circa 5 mesi sulle fecce fini,"Rosa, agrumi, arancia e lime; secco, fresco e setoso",L'Aleatico è aromatico ed è noto anche per vini dolci; qui viene interpretato in rosato secco.,"Rosato di Aleatico: rosa e agrumi, più aromatico del classico rosato salentino ma secco e fresco.",media,schede conversazionali precedenti; etichetta/produttore da verificare dove indicato,da associare e uniformare,,,,[],"[""fresco"", ""secco"", ""acciaio"", ""rosato""]","{""corpo"": null, ""freschezza"": null, ""acidita"": null, ""sapidita"": null, ""tannino"": null, ""aromaticita"": null, ""intensita"": null, ""dolcezza_percepita"": null, ""facilita_di_beva"": null}",Non usare come certo un dato marcato 'da verificare'; nessun valore mancante viene inventato.
cavalletta,Cavalletta,Petrelli,,Salento IGP,Puglia,"Carmiano, provincia di Lecce",Rosato,,"Negroamaro 100% secondo fonte precedente, da verificare",Da verificare,"Ciliegia, melograno e frutti rossi; sapido e gastronomico",Il Negroamaro è una varietà cardine del Salento; in rosato conserva frutto e struttura con più freschezza del rosso.,"Negroamaro vinificato in rosato: frutto rosso e sapidità, con più struttura di un rosato leggerissimo.",media,schede conversazionali precedenti; etichetta/produttore da verificare dove indicato,da associare e uniformare,,,,[],"[""sapido"", ""fruttato"", ""rosato""]","{""corpo"": null, ""freschezza"": null, ""acidita"": null, ""sapidita"": null, ""tannino"": null, ""aromaticita"": null, ""intensita"": null, ""dolcezza_percepita"": null, ""facilita_di_beva"": null}",Non usare come certo un dato marcato 'da verificare'; nessun valore mancante viene inventato.
raggio-di-sole,Raggio di Sole,Ronco Scagnèt,,Da verificare,Friuli-Venezia Giulia,Dolegna del Collio,Bianco,,Malvasia Istriana 100%,Da verificare,"Fiori, agrumi, frutto bianco, erbe e spezie; salino/minerale",La Malvasia Istriana è diversa da altre Malvasie più aromatiche/dolci; sui suoli marnosi del Collio detti ponca può esprimere sapidità.,"Malvasia Istriana del Collio: fiori, agrumi ed erbe, con vena sapida legata anche ai suoli di ponca.",media,schede conversazionali precedenti; etichetta/produttore da verificare dove indicato,da associare e uniformare,,,,[],"[""fruttato"", ""speziato"", ""bianco""]","{""corpo"": null, ""freschezza"": null, ""acidita"": null, ""sapidita"": null, ""tannino"": null, ""aromaticita"": null, ""intensita"": null, ""dolcezza_percepita"": null, ""facilita_di_beva"": null}",Non usare come certo un dato marcato 'da verificare'; nessun valore mancante viene inventato.
traminer-ca-bolani,Traminer Aromatico,Ca' Bolani,2024,Friuli DOC,Friuli-Venezia Giulia,Aquileia,Bianco,,Traminer Aromatico/Gewürztraminer 100% secondo scheda precedente,Da verificare,"Rosa, litchi, agrumi e spezie",Gewürztraminer significa “Traminer speziato”; l'aromaticità è una caratteristica varietale e non prova di zucchero residuo.,"Traminer Aromatico: rosa, litchi e spezie. Gewürztraminer significa letteralmente “Traminer speziato”.",media,schede conversazionali precedenti; etichetta/produttore da verificare dove indicato,da associare e uniformare,,,,[],"[""speziato"", ""bianco""]","{""corpo"": null, ""freschezza"": null, ""acidita"": null, ""sapidita"": null, ""tannino"": null, ""aromaticita"": null, ""intensita"": null, ""dolcezza_percepita"": null, ""facilita_di_beva"": null}",Non usare come certo un dato marcato 'da verificare'; nessun valore mancante viene inventato.
muller-thurgau,Müller-Thurgau,Graziano Fontana,,Trentino DOC,Trentino-Alto Adige,Trentino,Bianco,,Müller-Thurgau 100%,Da verificare,"Fiori, agrumi, erbe e note minerali","Il vitigno fu creato nel XIX secolo da Hermann Müller; l'incrocio è generalmente riportato come Riesling × Madeleine Royale, da comunicare con cautela.","Müller-Thurgau di montagna: fiori, agrumi ed erbe. Il vitigno nacque nell'Ottocento da un incrocio realizzato da Hermann Müller.",media,schede conversazionali precedenti; etichetta/produttore da verificare dove indicato,da associare e uniformare,,,,[],"[""bianco""]","{""corpo"": null, ""freschezza"": null, ""acidita"": null, ""sapidita"": null, ""tannino"": null, ""aromaticita"": null, ""intensita"": null, ""dolcezza_percepita"": null, ""facilita_di_beva"": null}",Non usare come certo un dato marcato 'da verificare'; nessun valore mancante viene inventato.
weissburgunder,Weissburgunder,Kellerei Auer,,Südtirol Alto Adige DOC,Trentino-Alto Adige,Alto Adige,Bianco,,Pinot Bianco 100%,Da verificare,"Mela, pera, fiori bianchi e mineralità","Weissburgunder è il nome tedesco del Pinot Bianco, una mutazione/stretta parente del Pinot Nero.","È Pinot Bianco, chiamato Weissburgunder in tedesco: mela, pera e fiori bianchi, con un profilo elegante e fresco.",media,schede conversazionali precedenti; etichetta/produttore da verificare dove indicato,da associare e uniformare,,,,[],"[""bianco""]","{""corpo"": null, ""freschezza"": null, ""acidita"": null, ""sapidita"": null, ""tannino"": null, ""aromaticita"": null, ""intensita"": null, ""dolcezza_percepita"": null, ""facilita_di_beva"": null}",Non usare come certo un dato marcato 'da verificare'; nessun valore mancante viene inventato.
rafe,Rafé Chardonnay,Cascina Gilli,2024,Piemonte DOC Chardonnay,Piemonte,Monferrato,Bianco,,Chardonnay 100%,"Acciaio, senza legno","Agrumi, pesca, frutta tropicale e fiori",L'etimologia del nome Rafé è stata ipotizzata in precedenza ma non verificata: non raccontarla come certezza senza conferma della cantina.,"Chardonnay del Monferrato senza legno: agrumi, pesca e frutto, con freschezza ma non poca sostanza.",media,schede conversazionali precedenti; etichetta/produttore da verificare dove indicato,da associare e uniformare,,,,[],"[""fruttato"", ""acciaio"", ""bianco""]","{""corpo"": null, ""freschezza"": null, ""acidita"": null, ""sapidita"": null, ""tannino"": null, ""aromaticita"": null, ""intensita"": null, ""dolcezza_percepita"": null, ""facilita_di_beva"": null}",Non usare come certo un dato marcato 'da verificare'; nessun valore mancante viene inventato.
volere-bianco,VOLERE Bianco,VOLERE,,Veneto IGT,Veneto,Veneto,Bianco,,Garganega 100%,"Acciaio; appassimento breve delle uve, circa 30 giorni secondo scheda precedente","Pesca matura, frutto tropicale e rosa; più ricco della Garganega classica","L'appassimento breve concentra aromi e materia rispetto a una vinificazione convenzionale, cercando di conservare freschezza.",Garganega con breve appassimento: più concentrazione di frutto e morbidezza rispetto a un bianco veneto essenziale.,media,schede conversazionali precedenti; etichetta/produttore da verificare dove indicato,da associare e uniformare,,,,[],"[""fruttato"", ""acciaio"", ""bianco""]","{""corpo"": null, ""freschezza"": null, ""acidita"": null, ""sapidita"": null, ""tannino"": null, ""aromaticita"": null, ""intensita"": null, ""dolcezza_percepita"": null, ""facilita_di_beva"": null}",Non usare come certo un dato marcato 'da verificare'; nessun valore mancante viene inventato.
coda-di-volpe,Coda di Volpe,Vadiaperti,,"Irpinia DOC, da verificare",Campania,"Irpinia, Pietradefusi",Bianco,,Coda di Volpe 100%,"Acciaio, da verificare","Fiori bianchi, agrumi, mela ed erbe","Il nome deriva dalla forma del grappolo, simile a una coda di volpe; in passato il vitigno era spesso usato nei tagli.","Coda di Volpe in purezza: il grappolo ricorda una coda di volpe; in Irpinia dà un bianco fresco, sapido e floreale.",media,schede conversazionali precedenti; etichetta/produttore da verificare dove indicato,da associare e uniformare,,,,[],"[""acciaio"", ""bianco""]","{""corpo"": null, ""freschezza"": null, ""acidita"": null, ""sapidita"": null, ""tannino"": null, ""aromaticita"": null, ""intensita"": null, ""dolcezza_percepita"": null, ""facilita_di_beva"": null}",Non usare come certo un dato marcato 'da verificare'; nessun valore mancante viene inventato.
gran-tifeo,Gran Tifeo Bianco,Cenatiempo,,Da verificare,Campania,Ischia; uve dal Beneventano secondo fonti precedenti,Bianco,,"Falanghina 100% secondo scheda precedente, da verificare",Cemento e circa 2 mesi sulle fecce fini secondo scheda precedente,"Fiori bianchi, agrumi e frutto bianco",Cenatiempo è una storica realtà di Ischia; le fonti precedenti indicavano uve del Beneventano vinificate sull'isola.,Falanghina legata a una cantina storica di Ischia: cemento e sosta sulle fecce fini danno consistenza senza coprire il frutto.,media-bassa,schede conversazionali precedenti; etichetta/produttore da verificare dove indicato,da associare e uniformare,,,,[],"[""fruttato"", ""cemento"", ""bianco""]","{""corpo"": null, ""freschezza"": null, ""acidita"": null, ""sapidita"": null, ""tannino"": null, ""aromaticita"": null, ""intensita"": null, ""dolcezza_percepita"": null, ""facilita_di_beva"": null}",Non usare come certo un dato marcato 'da verificare'; nessun valore mancante viene inventato.
albarara,Albarara,Tenuta Santa Lucia,,Romagna Albana DOCG,Emilia-Romagna,"Roversano, Mercato Saraceno",Bianco,,Albana 100%,12 mesi acciaio sulle fecce fini + 12 mesi bottiglia secondo scheda precedente,"Ginestra, camomilla, frutto giallo; rotondo, fresco e sapido","Romagna Albana fu la prima DOCG italiana dedicata a un vino bianco, nel 1987.","Albana di Romagna, varietà storica: la DOCG fu la prima italiana per un bianco. Qui è floreale, strutturata e sapida.",media,schede conversazionali precedenti; etichetta/produttore da verificare dove indicato,da associare e uniformare,,,,[],"[""fresco"", ""sapido"", ""fruttato"", ""acciaio"", ""bianco""]","{""corpo"": null, ""freschezza"": null, ""acidita"": null, ""sapidita"": null, ""tannino"": null, ""aromaticita"": null, ""intensita"": null, ""dolcezza_percepita"": null, ""facilita_di_beva"": null}",Non usare come certo un dato marcato 'da verificare'; nessun valore mancante viene inventato.
grecanico,Grecanico,Baroni di Pianogrillo,2023,Terre Siciliane IGT,Sicilia,"Chiaramonte Gulfi, Monti Iblei",Bianco,,Grecanico 100%,Da verificare,"Agrumi, fiori bianchi, frutto bianco","Il Grecanico è geneticamente vicino alla Garganega veneta, varietà alla base del Soave.","Grecanico dei Monti Iblei: agrumi e fiori bianchi, con un legame ampelografico interessante con la Garganega del Soave.",media,schede conversazionali precedenti; etichetta/produttore da verificare dove indicato,da associare e uniformare,,,,[],"[""fruttato"", ""bianco""]","{""corpo"": null, ""freschezza"": null, ""acidita"": null, ""sapidita"": null, ""tannino"": null, ""aromaticita"": null, ""intensita"": null, ""dolcezza_percepita"": null, ""facilita_di_beva"": null}",Non usare come certo un dato marcato 'da verificare'; nessun valore mancante viene inventato.
primitivo-sassirossi,Sassirossi,Feudi Salentini,,Primitivo di Manduria DOP,Puglia,"Taranto, Salento",Rosso,14.0,Primitivo 100%,Almeno 8 mesi in tonneaux francesi,"Confettura, ribes nero, mora, ciliegia, cacao e liquirizia",Il nome Sassirossi richiama i sassi che si tingono di rosso a contatto con i terreni; uve da alberello.,"Primitivo di Manduria da alberello: frutto scuro, confettura, cacao e liquirizia, con sorso caldo e morbido.",alta,schede conversazionali precedenti; etichetta/produttore da verificare dove indicato,da associare e uniformare,,,,[],"[""rosso""]","{""corpo"": null, ""freschezza"": null, ""acidita"": null, ""sapidita"": null, ""tannino"": null, ""aromaticita"": null, ""intensita"": null, ""dolcezza_percepita"": null, ""facilita_di_beva"": null}",Non usare come certo un dato marcato 'da verificare'; nessun valore mancante viene inventato.
